Name,role,family
Homer Simpson,['Main Characters'],['Simpson Family']
Marge Simpson,['Main Characters'],"['Simpson Family', 'Bouvier Family']"
Bart Simpson,"['Main Characters', 'School Students']",['Simpson Family']
Lisa Simpson,"['Main Characters', 'School Students']",['Simpson Family']
Maggie Simpson,['Main Characters'],['Simpson Family']
Abraham Simpson II,['Main Characters'],['Simpson Family']
Ned Flanders,['Major Characters'],['Flanders Family']
Charles Montgomery Burns,['Major Characters'],['Burns Family']
Moe Szyslak,['Major Characters'],[]
Milhouse Van Houten,"['Major Characters', 'School Students']",['Van Houten Family']
Apu Nahasapeemapetilon,['Major Characters'],['Nahasapeemapetilon Family']
Eleanor Abernathy,['Recurring Characters'],[]
Akira,['Recurring Characters'],[]
Ms. Albright,['Recurring Characters'],[]
Woody Allen,['Recurring Characters'],[]
Aristotle Amadopolis,['Recurring Characters'],[]
Mary Bailey,['Recurring Characters'],[]
Jasper Beardsley,['Recurring Characters'],[]
Benjamin (nerd),['Recurring Characters'],[]
Bill (KBBL DJ),['Recurring Characters'],[]
Billy (actor),['Recurring Characters'],[]
Birch Barlow,['Recurring Characters'],[]
Black Weasel,"['Recurring Characters', 'School Students']",[]
Cowboy Bob,['Recurring Characters'],[]
Don Brodka,['Recurring Characters'],[]
Larry Burns,['Recurring Characters'],['Burns Family']
Capital City Goofball,['Recurring Characters'],[]
Carl Carlson,['Recurring Characters'],[]
Charlie (SNPP),['Recurring Characters'],[]
Chazz Busby,['Recurring Characters'],[]
Sebastian Cobb,['Recurring Characters'],[]
Colin,['Recurring Characters'],[]
Dr. Hector von Colossus,['Recurring Characters'],[]
Cora,['Recurring Characters'],[]
Mr. Costington,['Recurring Characters'],[]
Joey Crusher,['Recurring Characters'],[]
Stu Discothèque,['Recurring Characters'],[]
Doug (nerd),['Recurring Characters'],[]
Eddie,['Recurring Characters'],[]
Ernst,['Recurring Characters'],[]
Fat Tony,['Recurring Characters'],[]
Frankie the Squealer,['Recurring Characters'],[]
Frog Prince,['Recurring Characters'],[]
Gary (nerd),['Recurring Characters'],[]
Gavin,['Recurring Characters'],[]
Alice Glick,['Recurring Characters'],[]
Gloria Jailbird,['Recurring Characters'],[]
Gloria (White Christmas Blues),['Recurring Characters'],[]
God,['Recurring Characters'],[]
Grady,['Recurring Characters'],[]
Frank Grimes,['Recurring Characters'],[]
Barney Gumble,['Recurring Characters'],[]
Gil Gunderson,['Recurring Characters'],[]
Gunter,['Recurring Characters'],[]
Handsome Pete,['Recurring Characters'],[]
Judge Constance Harm,['Recurring Characters'],[]
Bernice Hibbert,['Recurring Characters'],[]
Julius Hibbert,['Recurring Characters'],[]
Lionel Hutz,['Recurring Characters'],[]
Jeremy Jailbird,['Recurring Characters'],[]
Jake the Barber,['Recurring Characters'],[]
Jacques,['Recurring Characters'],[]
Comic Book Guy,['Recurring Characters'],[]
Jeremy Freedman,['Recurring Characters'],[]
Jericho,['Recurring Characters'],[]
Joey (mafia),['Recurring Characters'],[]
Jimbo Jones,"['Recurring Characters', 'School Students']",[]
Julio,['Recurring Characters'],[]
Leon Kompowsky,['Recurring Characters'],[]
Kumiko Albertson,['Recurring Characters'],[]
Cookie Kwan,['Recurring Characters'],[]
Chester J. Lampwick,['Recurring Characters'],[]
Lard Lad,['Recurring Characters'],[]
Larry (barfly),['Recurring Characters'],[]
Legs,['Recurring Characters'],[]
Lenny Leonard,['Recurring Characters'],[]
Leprechaun,['Recurring Characters'],[]
Ling Bouvier,['Recurring Characters'],['Bouvier Family']
Professor Lombardo,['Recurring Characters'],[]
Lou,['Recurring Characters'],[]
Louie (mafia),['Recurring Characters'],[]
Helen Lovejoy,['Recurring Characters'],[]
Jessica Lovejoy,"['Recurring Characters', 'School Students']",[]
Lowblow,['Recurring Characters'],[]
Lugash,['Recurring Characters'],[]
Horatio McCallister,['Recurring Characters'],[]
Mr. McGreg,['Recurring Characters'],[]
Just Stamp the Ticket Man,['Recurring Characters'],[]
Jack Marley,['Recurring Characters'],[]
Marty (KBBL DJ),['Recurring Characters'],[]
Roger Meyers Jr.,['Recurring Characters'],[]
Milo,['Recurring Characters'],[]
Hans Moleman,['Recurring Characters'],[]
Marvin Monroe,['Recurring Characters'],[]
Mervin Monroe,['Recurring Characters'],[]
Bleeding Gums Murphy,['Recurring Characters'],[]
Lindsey Naegle,['Recurring Characters'],[]
Old Jewish Man,['Recurring Characters'],[]
Number One,['Recurring Characters'],[]
MacArthur Parker,['Recurring Characters'],[]
Patches,['Recurring Characters'],[]
Lois Pennycandy,['Recurring Characters'],[]
Brunella Pommelhorst,"['Recurring Characters', 'School Faculty']",[]
Janey Powell,"['Recurring Characters', 'School Students']",[]
Martha Prince,['Recurring Characters'],[]
"Martin Prince, Jr","['Recurring Characters', 'School Students']",[]
"Martin Prince, Sr.",['Recurring Characters'],[]
Harlan Dondelinger,['Recurring Characters'],[]
J. Loren Pryor,['Recurring Characters'],[]
Corporal Punishment,['Recurring Characters'],[]
Pyro,['Recurring Characters'],[]
Freddy Quimby,['Recurring Characters'],[]
Joe Quimby,['Recurring Characters'],[]
Martha Quimby,['Recurring Characters'],[]
Raphael,['Recurring Characters'],[]
Rex Banner,['Recurring Characters'],[]
Francine Rhenquist,"['Recurring Characters', 'School Students']",[]
Shady Bird Johnson,['Recurring Characters'],[]
Roy,['Recurring Characters'],[]
Luigi Risotto,['Recurring Characters'],[]
Nick Riviera,['Recurring Characters'],[]
Sam (barfly),['Recurring Characters'],[]
Gerald Samson,['Recurring Characters'],[]
Mrs. Samson,['Recurring Characters'],[]
Arnold Schwarzenegger,['Recurring Characters'],[]
Shary Bobbins,['Recurring Characters'],[]
Shauna Chalmers,['Recurring Characters'],[]
Shelby,['Recurring Characters'],[]
Jay Sherman,['Recurring Characters'],[]
Dave Shutton,['Recurring Characters'],[]
Mindy Simmons,['Recurring Characters'],[]
Llewellyn Sinclair,['Recurring Characters'],[]
"Waylon Smithers, Jr.",['Recurring Characters'],[]
Roy Snyder,['Recurring Characters'],[]
Jebediah Springfield,['Recurring Characters'],[]
Dolph Starbeam,"['Recurring Characters', 'School Students']",[]
Lucius Sweet,['Recurring Characters'],[]
Johnny Tightlips,['Recurring Characters'],[]
Timothy Lovejoy Jr.,['Recurring Characters'],[]
Tina Ballerina,['Recurring Characters'],[]
Titania,['Recurring Characters'],[]
Toshiro,['Recurring Characters'],[]
Mr. Vanderbilt,['Recurring Characters'],[]
Mrs. Vanderbilt,['Recurring Characters'],[]
Dr. Velimirovic,['Recurring Characters'],[]
Ian (Very Tall Man),['Recurring Characters'],[]
Veterinarian,['Recurring Characters'],[]
Poor Violet,['Recurring Characters'],[]
Don Vittorio DiMaggio,['Recurring Characters'],[]
The Warden,['Recurring Characters'],[]
Alex Whitney,"['Recurring Characters', 'School Students']",[]
Mr. Winfield,['Recurring Characters'],[]
Sylvia Winfield,['Recurring Characters'],[]
Emily Winthrop,['Recurring Characters'],[]
Greta Wolfcastle,['Recurring Characters'],[]
Medicine Woman,['Recurring Characters'],[]
Yellow Weasel,"['Recurring Characters', 'School Students']",[]
The Yes Guy,['Recurring Characters'],[]
Artie Ziff,['Recurring Characters'],[]
Üter Zörker,"['Recurring Characters', 'School Students']",[]
Kearney Zzyzwicz,"['Recurring Characters', 'School Students']",[]
"Kearney Zzyzwicz, Jr.","['Recurring Characters', 'School Students']",[]
Evil Homer,['Recurring Characters'],[]
Mona Simpson,[],['Simpson Family']
Herbert Powell,[],['Simpson Family']
Abbey,[],['Simpson Family']
Skippy Simpson,[],['Simpson Family']
Jiff Simpson,[],['Simpson Family']
Beggar Relative,[],['Simpson Family']
Mary Frowning Cloud,[],['Simpson Family']
Dulcine Simpson,[],['Simpson Family']
Eckhardt Simpson,[],['Simpson Family']
Gabby Crouse,[],['Simpson Family']
Winifred Running Goat,[],['Simpson Family']
Yuma Hickman,[],['Simpson Family']
Homer the Thief,[],['Simpson Family']
Hortense Simpson,[],['Simpson Family']
Hubert Simpson,[],['Simpson Family']
Hugo Simpson I,[],['Simpson Family']
Humphrey Little Goat,[],['Simpson Family']
Hurt Leg Simpson Relative,[],['Simpson Family']
Jane Nervous Goat,[],['Simpson Family']
Joe Puffing Goat,[],['Simpson Family']
Jug Band Manager,[],['Simpson Family']
"Maggie Simpson, Jr.",[],['Simpson Family']
Millionaire Actor,[],['Simpson Family']
Abraham Simpson I,[],['Simpson Family']
Amber Simpson,[],['Simpson Family']
"Bart Simpson, Jr.",['School Students'],['Simpson Family']
Chet Simpson,[],['Simpson Family']
Claretta Simpson,[],['Simpson Family']
Cyrus Simpson,[],['Simpson Family']
Dr. Simpson,[],['Simpson Family']
Eliza Simpson,[],"['Simpson Family', 'Van Houten Family']"
Garwood Simpson,[],['Simpson Family']
Hiram Simpson,[],['Simpson Family']
Howland Simpson,[],['Simpson Family']
Hugo Simpson II,[],['Simpson Family']
Lambert Simpson,[],['Simpson Family']
Mabel Simpson,[],['Simpson Family']
Orville Simpson,[],['Simpson Family']
Pippa Simpson,[],['Simpson Family']
Prudence Simpson,[],['Simpson Family']
Rupert Simpson,[],['Simpson Family']
Sven Simpson,[],['Simpson Family']
Trixie Simpson,[],['Simpson Family']
Tyrone Simpson,[],['Simpson Family']
Virgil Simpson,[],['Simpson Family']
Zeke Simpson,[],['Simpson Family']
Stanley Simpson,[],['Simpson Family']
Clowta Stillman,[],['Simpson Family']
Ivy Simpson,[],['Simpson Family']
Zia Simpson,[],"['Simpson Family', 'Van Houten Family']"
Zorina Ovadia,[],['Simpson Family']
Gretchen,[],['Simpson Family']
Homer Jr.,[],['Simpson Family']
Selma Bouvier,[],['Bouvier Family']
Patty Bouvier,[],['Bouvier Family']
Clancy Bouvier,[],['Bouvier Family']
Jacqueline Bouvier,[],['Bouvier Family']
Aunt Gladys,[],['Bouvier Family']
Alvarine Bisque,[],['Bouvier Family']
Eunice Bouvier,[],['Bouvier Family']
Chester Bouvier,[],['Bouvier Family']
JoJo Bouvier,[],['Bouvier Family']
Pépé Bouvier,[],['Bouvier Family']
Victor Bouvier,[],['Bouvier Family']
Victor Bouvier II,[],['Bouvier Family']
Cléo Bouvier,[],['Bouvier Family']
Didi Bouvier,[],['Bouvier Family']
Honoré Bouvier,[],['Bouvier Family']
Marcel Bouvier,[],['Bouvier Family']
Bambi Petitbois,[],['Bouvier Family']
Yves Bouvier,[],['Bouvier Family']
Maude Flanders,[],['Flanders Family']
Rod Flanders,['School Students'],['Flanders Family']
Todd Flanders,['School Students'],['Flanders Family']
"Nedward Flanders, Sr.",[],['Flanders Family']
Agnes Flanders,[],['Flanders Family']
Grandma Flanders,[],['Flanders Family']
Augusta Flanders,[],['Flanders Family']
Bonnie Flanders,[],['Flanders Family']
Canadian Flanders,[],['Flanders Family']
Connie Flanders,[],['Flanders Family']
Floradora Flannery,[],['Flanders Family']
Ginger Flanders,[],['Flanders Family']
Jehoshaphat Flanders,[],['Flanders Family']
José Flanders,[],['Flanders Family']
Lady Nedderly Flanders,[],['Flanders Family']
Lady Nedebel Flanders,[],['Flanders Family']
Lady Nedwina Dredful,[],['Flanders Family']
Lord Nose,[],['Flanders Family']
Lord Thistlewick Flanders,[],['Flanders Family']
Lord Thistlewick of Flanders,[],['Flanders Family']
Maude Flanders (ghost),[],['Flanders Family']
Nedgar Flanders,[],['Flanders Family']
Nediana Flanders,[],['Flanders Family']
Nedmond Flanders,[],['Flanders Family']
Nedna Flanders,[],['Flanders Family']
Neduchadnezzar Flanders,[],['Flanders Family']
Nedwynn Flanders,[],['Flanders Family']
Sir Nederick Flanders,[],['Flanders Family']
Ted Flanders,[],['Flanders Family']
Wilhelmina Dümperdorf,[],['Flanders Family']
Winifred Trout,[],['Flanders Family']
Clifford Burns,[],['Burns Family']
Cornelia Hernandez,[],['Burns Family']
Cornelius Burns,[],['Burns Family']
Daphne Burns,[],['Burns Family']
Doreena Burns,[],['Burns Family']
Eric Von Burns,[],['Burns Family']
Evelyn Graycomb,[],['Burns Family']
Franklin Jefferson Burns,[],['Burns Family']
Ironfist Burns,[],['Burns Family']
Otto Graycomb,[],['Burns Family']
Pepita Hernandez,[],['Burns Family']
Wainwright Montgomery Burns,[],['Burns Family']
Zeph Burns,[],['Burns Family']
Lily Bancroft,[],['Burns Family']
Mimsy Bancroft,[],['Burns Family']
Lyla,[],['Burns Family']
Moshe Bernstein,[],['Burns Family']
Saul Bernstein,[],['Burns Family']
George Burns (character),[],['Burns Family']
Maxine Lombard,[],['Burns Family']
Krusty the Clown,[],['Krustofsky Family']
Hyman Krustofsky,[],['Krustofsky Family']
Rachel Krustofsky,[],['Krustofsky Family']
Sophie Krustofsky,[],['Krustofsky Family']
Erin,[],['Krustofsky Family']
Luke Perry (character),[],['Krustofsky Family']
Barbara Van Horne,[],['Krustofsky Family']
Melvin Van Horne,['Celebrities'],['Krustofsky Family']
Norman Van Horne,[],['Krustofsky Family']
Mia Farrow,[],['Krustofsky Family']
Chin Ho,[],['Krustofsky Family']
Brothers and sisters of Chin Ho and Chan Ho,[],['Krustofsky Family']
Holly Hippie,[],['Krustofsky Family']
Eartha Kitt (character),[],['Krustofsky Family']
Penelope Owsley,[],['Krustofsky Family']
Annie Dubinsky,[],['Krustofsky Family']
Seymour Skinner,[],['Skinner Family']
Agnes Skinner,[],['Skinner Family']
Sheldon Skinner,[],['Skinner Family']
Seymour Skinner (real),[],['Skinner Family']
Manjula Nahasapeemapetilon,[],['Nahasapeemapetilon Family']
Poonam Nahasapeemapetilon,[],['Nahasapeemapetilon Family']
Sashi Nahasapeemapetilon,[],['Nahasapeemapetilon Family']
Pria Nahasapeemapetilon,[],['Nahasapeemapetilon Family']
Uma Nahasapeemapetilon,[],['Nahasapeemapetilon Family']
Anoop Nahasapeemapetilon,[],['Nahasapeemapetilon Family']
Sandeep Nahasapeemapetilon,[],['Nahasapeemapetilon Family']
Nabendu Nahasapeemapetilon,[],['Nahasapeemapetilon Family']
Gheet Nahasapeemapetilon,[],['Nahasapeemapetilon Family']
Sanjay Nahasapeemapetilon,[],['Nahasapeemapetilon Family']
Jay Nahasapeemapetilon,[],['Nahasapeemapetilon Family']
Pahusacheta Nahasapeemapetilon,['School Students'],['Nahasapeemapetilon Family']
Kavi Nahasapeemapetilon,[],['Nahasapeemapetilon Family']
Indian Nerd,['School Students'],['Nahasapeemapetilon Family']
Apu Nahasapeemapetilon Sr.,[],['Nahasapeemapetilon Family']
Kirk Van Houten,[],['Van Houten Family']
Luann Van Houten,[],['Van Houten Family']
Grandma Van Houten,[],['Van Houten Family']
Grandpa Van Houten,[],['Van Houten Family']
Milford Van Houten,[],['Van Houten Family']
Nana Sophie Mussolini,[],['Van Houten Family']
Annika Van Houten,[],['Van Houten Family']
Norbert Van Houten,[],['Van Houten Family']
Angelica,[],['Van Houten Family']
Nelson Muntz,['School Students'],['Muntz Family']
Mrs. Muntz,[],['Muntz Family']
Eddie Muntz,[],['Muntz Family']
Judge Muntz,[],['Muntz Family']
Chuck Muntz,[],['Muntz Family']
Reilly Muntz,[],['Muntz Family']
"Nelson Muntz, Jr.",[],['Muntz Family']
Clancy Wiggum,[],['Wiggum Family']
Sarah Wiggum,[],['Wiggum Family']
Ralph Wiggum,[],['Wiggum Family']
Iggy Wiggum,[],['Wiggum Family']
Wesley Wiggum,[],['Wiggum Family']
Fred Kanneke,[],['Wiggum Family']
Robert Terwilliger,[],['Terwilliger Family']
Cecil Terwilliger,[],['Terwilliger Family']
Francesca Terwilliger,[],['Terwilliger Family']
Gino Terwilliger,[],['Terwilliger Family']
Neil Terwilliger,[],['Terwilliger Family']
"Robert Terwilliger, Sr.",[],['Terwilliger Family']
Judith Terwilliger,[],['Terwilliger Family']
Cletus Spuckler,[],['Spuckler Family']
Brandine Spuckler,[],['Spuckler Family']
Mary Spuckler,[],['Spuckler Family']
Barrow Spuckler,[],['Spuckler Family']
Birthday Spuckler,[],['Spuckler Family']
Brittany Spuckler,['School Students'],['Spuckler Family']
Cassidy Spuckler,[],['Spuckler Family']
Cody Spuckler,[],['Spuckler Family']
Crystal Meth Spuckler,[],['Spuckler Family']
Dermott Spuckler,[],['Spuckler Family']
Dubya Spuckler,[],['Spuckler Family']
Dylan Spuckler,[],['Spuckler Family']
Embry Joe Spuckler,[],['Spuckler Family']
Fontanelle Spuckler,[],['Spuckler Family']
Geech,['Animals'],['Spuckler Family']
Gitmo Spuckler,[],['Spuckler Family']
Gummy Sue Spuckler,[],['Spuckler Family']
Heather Spuckler,['School Students'],['Spuckler Family']
Hungry Spuckler Baby,[],['Spuckler Family']
Incest Spuckler,[],['Spuckler Family']
International Harvester Spuckler,[],['Spuckler Family']
Jitney Spuckler,[],['Spuckler Family']
Jordan Spuckler,[],['Spuckler Family']
Maw Spuckler,[],['Spuckler Family']
Max Spuckler,[],['Spuckler Family']
Melvis Spuckler,[],['Spuckler Family']
Merl,[],['Spuckler Family']
Minimum Wade Spuckler,[],['Spuckler Family']
Normal Head Joe Spuckler,[],['Spuckler Family']
Oxycontin Spuckler,[],['Spuckler Family']
Pediculus Spuckler,[],['Spuckler Family']
Pete Spuckler,[],['Spuckler Family']
Rest Stop Spuckler,[],['Spuckler Family']
Rubella Scabies Spuckler,[],['Spuckler Family']
Rumor Spuckler,[],['Spuckler Family']
Scout Spuckler,[],['Spuckler Family']
Stabbed in Jail Spuckler,[],['Spuckler Family']
Taylor Spuckler,[],['Spuckler Family']
Three Unnamed Spuckler Babies,[],['Spuckler Family']
Tiffany Spuckler,['School Students'],['Spuckler Family']
Tripod Spuckler,[],['Spuckler Family']
Unborn Spuckler Baby,[],['Spuckler Family']
Unnamed Spuckler Baby,[],['Spuckler Family']
Wesley Spuckler,[],['Spuckler Family']
Wheel Spuckler,[],['Spuckler Family']
Whitney Spuckler,[],['Spuckler Family']
Zoe Spuckler,[],['Spuckler Family']
Alaska Nebraska,['Celebrities'],[]
Alcatraaz,['Celebrities'],[]
Arthur Crandall,['Celebrities'],[]
Arnie Pye,['Celebrities'],[]
Barbara Lelavinsky,['Celebrities'],[]
Buck McCoy,['Celebrities'],[]
Buck Mitchell,['Celebrities'],[]
Pedro Chespirito,['Celebrities'],[]
Lance Murdock,['Celebrities'],[]
Corey Masterson,['Celebrities'],[]
Cregg Demon,['Celebrities'],[]
Declan Desmond,['Celebrities'],[]
Dr. Hillbilly,['Celebrities'],[]
Drederick Tatum,['Celebrities'],[]
Duffman,['Celebrities'],[]
El Divo,['Celebrities'],[]
The Iron Yuppie,['Celebrities'],[]
Jay G,['Celebrities'],[]
Kent Brockman,['Celebrities'],[]
Laney Fontaine,['Celebrities'],[]
Lurleen Lumpkin,['Celebrities'],[]
Miss Springfield,['Celebrities'],[]
Opal,['Celebrities'],[]
Princess Kashmir,['Celebrities'],[]
Professor Werner von Brawn,['Celebrities'],[]
Rachel Jordan,['Celebrities'],[]
Rainier Wolfcastle,['Celebrities'],[]
Rasputin the Friendly Russian,['Celebrities'],[]
"Roger Meyers, Sr.",['Celebrities'],[]
Sara Sloane,['Celebrities'],[]
Scott Christian,['Celebrities'],[]
Sideshow Raheem,['Celebrities'],[]
Tabitha Vixx,['Celebrities'],[]
The Great Raymondo,['Celebrities'],[]
Troy McClure,['Celebrities'],[]
Vicki Valentine,['Celebrities'],[]
Cannibal,['Criminals'],[]
Cesar,['Criminals'],[]
Dr. Egoyan,['Criminals'],[]
Delbert,['Criminals'],[]
Dickie,['Criminals'],[]
Dwight Diddlehopper,['Criminals'],[]
Femme Fatale,['Criminals'],[]
Fernando Vidal,['Criminals'],[]
"Frank Grimes, Jr.",['Criminals'],[]
French Chef,['Criminals'],[]
Gina Vendetti,['Criminals'],[]
Hank Scorpio,['Criminals'],[]
Herman Hermann,['Criminals'],[]
Jack Crowley,['Criminals'],[]
Lem,['Criminals'],[]
Lyle Lanley,['Criminals'],[]
Lucille Botzcowski,['Criminals'],[]
Meathook,['Criminals'],[]
Meth Guy,['Criminals'],[]
Mr. Johansen,['Criminals'],[]
Mr. Mitchell,['Criminals'],[]
Molloy,['Criminals'],[]
Phillips,['Criminals'],[]
Ramrod,['Criminals'],[]
Ruth Powers,['Criminals'],[]
Snake Jailbird,['Criminals'],[]
Sven Golly,['Criminals'],[]
Tattoo Annie,['Criminals'],[]
The Leader,['Criminals'],[]
Ugolin,['Criminals'],[]
Viktor,['Criminals'],[]
Mavis,['School Students'],[]
Erik,['School Students'],[]
Langdon Alger,['School Students'],[]
Arthur (Student),['School Students'],[]
Ashley,['School Students'],[]
Becky Shorter,['School Students'],[]
Adrian Belew,['School Students'],[]
Bashir bin Laden,['School Students'],[]
Benzine girl,['School Students'],[]
Bodhi,['School Students'],[]
Boy with shades,['School Students'],[]
Darryl,['School Students'],[]
Wendell Borton,['School Students'],[]
Lucas Bortner,['School Students'],[]
Jake Boyman,['School Students'],[]
Report Card,['School Students'],[]
Celeste,['School Students'],[]
Chuck Berger,['School Students'],[]
Cosine Tangent,['School Students'],[]
Coward,['School Students'],[]
Database,['School Students'],[]
Jack Deforest,['School Students'],[]
Ross,['School Students'],[]
Diggs,['School Students'],[]
Donna,['School Students'],[]
Donny (The Debarted),['School Students'],[]
Girl with ponytail,['School Students'],[]
Gus Huebner,['School Students'],[]
Waverly Hills Girl 1,['School Students'],[]
Caribbean Boy,['School Students'],[]
Female Twin,['School Students'],[]
Singaporean Girl,['School Students'],[]
Waverly Hills Boy 1,['School Students'],[]
Waverly Hills Boy 2,['School Students'],[]
Waverly Hills Boy 3,['School Students'],[]
Waverly Hills Boy 4,['School Students'],[]
German Santa Girl,['School Students'],[]
Ham,['School Students'],[]
Harper Jambowski,['School Students'],[]
Andy Hamilton,['School Students'],[]
Isabel Gutiérrez,['School Students'],[]
Jaffee Ziswhisky,['School Students'],[]
Jamie,['School Students'],[]
Jenny,['School Students'],[]
Jimbo Jr.,['School Students'],[]
Juliet Hobbes,['School Students'],[]
Kevin (Stealing First Base),['School Students'],[]
Kyle LaBianco,['School Students'],[]
Brittany Brockman,['School Students'],[]
Lewis Clark,['School Students'],[]
Male Twin,['School Students'],[]
Nikki McKenna,['School Students'],[]
Megan,['School Students'],[]
Nina Skalka,['School Students'],[]
Melody Juniper,['School Students'],[]
Boy with bangs,['School Students'],[]
Freddy,['School Students'],[]
Kyle (3rd Grader),['School Students'],[]
Noah (Father Knows Worst),['School Students'],[]
Photo Girl,['School Students'],[]
Playground ghost,['School Students'],[]
Popular Girl 1,['School Students'],[]
Popular Girl 2,['School Students'],[]
Popular Girl 3,['School Students'],[]
Popular Girl 4,['School Students'],[]
Boy with glasses,['School Students'],[]
Prune Juice Nerd,['School Students'],[]
Rex (I Love Lisa),['School Students'],[]
Richard,['School Students'],[]
Sailor Kid,['School Students'],[]
Sherri Mackleberry,['School Students'],[]
Sara (Student),['School Students'],[]
Singing Girl,['School Students'],[]
Sophie Jensen,['School Students'],[]
Smug Girl,['School Students'],[]
Samantha Stankey,['School Students'],[]
Little Moe Szyslak,['School Students'],[]
Taffy,['School Students'],[]
Tanya,['School Students'],[]
Allison Taylor,['School Students'],[]
Terri Mackleberry,['School Students'],[]
Tommy,['School Students'],[]
Tumi,['School Students'],[]
Wanda,['School Students'],[]
Warren (Camper),['School Students'],[]
White Kid,['School Students'],[]
Ralph (Moaning Lisa),['School Students'],[]
Girl with glasses,['School Students'],[]
Boy with freckles,['School Students'],[]
Unnamed blonde haired girl,['School Students'],[]
Unnamed girl with red glasses,['School Students'],[]
Art teacher,['School Faculty'],[]
Audrey McConnell,['School Faculty'],[]
Calliope Juniper,['School Faculty'],[]
Coach Krupt,['School Faculty'],[]
Dark Stanley,['School Faculty'],[]
Edna Krabappel,['School Faculty'],[]
Evelyn Trunch,['School Faculty'],[]
Dewey Largo,['School Faculty'],[]
Dick Testiclees,['School Faculty'],[]
Doris Freedman,['School Faculty'],[]
Elizabeth Hoover,['School Faculty'],[]
Gary Chalmers,['School Faculty'],[]
Groundskeeper Willie,['School Faculty'],[]
Gym Teacher,['School Faculty'],[]
J. Loren Pryor,['School Faculty'],[]
Jack Lassen,['School Faculty'],[]
Leopold,['School Faculty'],[]
Melanie Upfoot,['School Faculty'],[]
Meredith Milgram,['School Faculty'],[]
Mike Benzie,['School Faculty'],[]
Mr. Becker,['School Faculty'],[]
Mr. Glascock,['School Faculty'],[]
Mr. Johnson,['School Faculty'],[]
Mr. Kupferberg,['School Faculty'],[]
Ms. Barr,['School Faculty'],[]
Ms. Cantwell,['School Faculty'],[]
Ms. Phipps,['School Faculty'],[]
Ms. Dubinsky,['School Faculty'],[]
Ms. Myles,['School Faculty'],[]
Myra,['School Faculty'],[]
Otto Mann,['School Faculty'],[]
Quinn Hopper,['School Faculty'],[]
State Comptroller Atkins,['School Faculty'],[]
Zachary Vaughn,['School Faculty'],[]
Ali Rudy Vallée,['Robots'],[]
Bear Robot,['Robots'],[]
Bomb Disarming Robot,['Robots'],[]
Bestimus Muchos,['Robots'],[]
Brenda,['Robots'],[]
Buzzkill,['Robots'],[]
C.H.U.M.,['Robots'],[]
Carnage Destructicus,['Robots'],[]
Chop Screwy,['Robots'],[]
Cleatus the Football Robot,['Robots'],[]
Cremo Bot,['Robots'],[]
Defunct Robots,['Robots'],[]
Duff Cowboy,['Robots'],[]
Floyd,['Robots'],[]
Grief Counselor,['Robots'],[]
Investo,['Robots'],[]
Killhammad Aieee,['Robots'],[]
Linguo,['Robots'],[]
Medbot,['Robots'],[]
Melody,['Robots'],[]
Murderpuss,['Robots'],[]
Parkfield Servant 1,['Robots'],[]
Parkfield Servant 2,['Robots'],[]
Robby the Automaton,['Robots'],[]
Robopet,['Robots'],[]
Robot Librarian,['Robots'],[]
Robot Workers,['Robots'],[]
Sex Toy,['Robots'],[]
Snooze,['Robots'],[]
Truckasaurus,['Robots'],[]
Ultrahouse 3000,['Robots'],[]
Zip Boys,['Robots'],[]
Angelica Button,['Fictional Characters'],[]
Fallout Boy,['Fictional Characters'],[]
The Happy Little Elves,['Fictional Characters'],[]
Headmaster Greystash,['Fictional Characters'],[]
Itchy,['Fictional Characters'],[]
Malicious Krubb,['Fictional Characters'],[]
Poochie,['Fictional Characters'],[]
Scratchy,['Fictional Characters'],[]
Unicorn Wizard,['Fictional Characters'],[]
Anastasia,['Animals'],[]
Annie (Ant),['Animals'],[]
Barking Dog,['Animals'],[]
Baz,['Animals'],[]
Rosa Barks,['Animals'],[]
Bitey,['Animals'],[]
Blinky,['Animals'],[]
Bluella,['Animals'],[]
Bolivian Tree Lizard,['Animals'],[]
Butterfly,['Animals'],[]
Canary M. Burns,['Animals'],[]
Captain Jack,['Animals'],[]
Chew My Shoe,['Animals'],[]
Chez Paree Lobsters,['Animals'],[]
Chocolate rabbits,['Animals'],[]
Christmas Tree Farm Hounds,['Animals'],[]
Coltrane,['Animals'],[]
Curious Bear Cub,['Animals'],[]
Cute Lamb,['Animals'],[]
Dash Dingo,['Animals'],[]
Dog (SNPP),['Animals'],[]
Dog (The Lastest Gun in the West),['Animals'],[]
Dog with Ham,['Animals'],[]
Duff McShark,['Animals'],[]
Duncan,['Animals'],[]
Esquilax,['Animals'],[]
Feral Things,['Animals'],[]
Fido,['Animals'],[]
Fluffy,['Animals'],[]
Freedom,['Animals'],[]
Furious George,['Animals'],[]
Gary the Unicorn,['Animals'],[]
General Sherman,['Animals'],[]
Gentle Ben,['Animals'],[]
Giuseppe,['Animals'],[]
Goosius,['Animals'],[]
Gorilla the Conqueror,['Animals'],[]
Greyhound Puppies,['Animals'],[]
Guard Dog,['Animals'],[]
Hamster Number 1,['Animals'],[]
Hamster Number 2,['Animals'],[]
Henry the Canary,['Animals'],[]
Hercules,['Animals'],[]
Laddie,['Animals'],[]
Loch Ness Monster,['Animals'],[]
Lumpy,['Animals'],[]
King Snorky,['Animals'],[]
Kissing Fish,['Animals'],[]
Maurice,['Animals'],[]
Mojo,['Animals'],[]
Mr. Teeny,['Animals'],[]
Mutant Peacock,['Animals'],[]
NASA Chimp,['Animals'],[]
Nibbles,['Animals'],[]
Plopper,['Animals'],[]
Pokey,['Animals'],[]
Screamapillar,['Animals'],[]
She Biscuit,['Animals'],[]
Simpson fish,['Animals'],[]
Smiley,['Animals'],[]
Snowball I,['Animals'],[]
Snowball II,['Animals'],[]
Snowball V,['Animals'],[]
Spirit Guide,['Animals'],[]
Springfield bears,['Animals'],[]
Squawky,['Animals'],[]
Stampy,['Animals'],[]
Stewart Duck,['Animals'],[]
Stingy,['Animals'],[]
Strangles,['Animals'],[]
Rover Hendrix,['Animals'],[]
Talking Dog,['Animals'],[]
Taquito,['Animals'],[]
Vicious Monkeys,['Animals'],[]
Alien (couch gag),['Aliens'],[]
Alien 2,['Aliens'],[]
Black hole aliens,['Aliens'],[]
Humanologist,['Aliens'],[]
Kang,['Aliens'],[]
Kodos,['Aliens'],[]
Kamala,['Aliens'],[]
Meteor Alien,['Aliens'],[]
Number 51,['Aliens'],[]
Ozmodiar,['Aliens'],[]
Probe Alien,['Aliens'],[]
Rigel 7 Taxi Driver,['Aliens'],[]
Rigellian Queen,['Aliens'],[]
Rigellian Resistance Leader,['Aliens'],[]
Rigellian Security Guard,['Aliens'],[]
Serak the Preparer,['Aliens'],[]
Space Marshmallow,['Aliens'],[]
Xylem,['Aliens'],[]
American Spy,[],[]
Portuguese Boy,[],[]
Amish Man,[],[]
Great Son,[],[]
Mugger,[],[]
The Human Fly,[],[]
Master Sushi Chef,[],[]
Judge Julie,[],[]
Ballet Teacher,[],[]
Unnamed smoking man,[],[]
Robber (Homer and Apu),[],[]
Khlav Kalash vendor,[],[]
FBI Agent 2 (Homerland),[],[]
Gay Colonel,[],[]
Rangemaster,[],[]
Congressman 3,[],[]
Congressman 2,[],[]
Congressman 1,[],[]
Sexy Assistant,[],[]
EPA Scientist,[],[]
Estonian Dwarf,[],[]
Little Bearded Woman,[],[]
Faceless Man,[],[]
Ice Cream Lady,[],[]
Babysitting Lady,[],[]
Unnamed Latino Man,[],[]
Chicagoan man,[],[]
Femailman,[],[]
Springfield Nuclear Power Plant employee,[],[]
Hippie,[],[]
Sandwich Delivery Guy,[],[]
Springfield Pet Shop owner,[],[]
Mathemagician,[],[]
